"SampleID","Record","A","Ci","CO2s","CO2r","gsw","Patm","Qin","RHs","Tleaf","Tair","SampleID_num","QC"
"2015_wet_PAR-B3_56T3",1,1.272597026,345.2560329,598.4365845,600.0894775,0.008591972,100.8108978,1300.634644,58.18870926,30.87133026,29.92432404,706,"ok"
"2015_wet_PAR-B3_56T3",2,1.766468477,435.0583518,797.7338867,800.0146484,0.008275978,100.8133545,1300.566162,58.14963913,30.84353638,29.91724777,706,"ok"
"2015_wet_PAR-B3_56T3",3,2.093651167,551.4629112,997.1224365,999.828064,0.007989778,100.8159637,1300.918945,58.18619156,30.79985809,29.89891434,706,"ok"
"2015_wet_PAR-B3_56T3",4,2.568496344,645.7516894,1197.411133,1200.722046,0.007898669,100.817482,1300.629272,58.19584274,30.77743721,29.8929882,706,"ok"
"2015_wet_PAR-B3_56T3",5,2.845276266,653.2454903,1296.399902,1300.04834,0.007464444,100.8190689,1300.739258,58.17505264,30.78061867,29.89328194,706,"ok"
"2015_wet_PAR-B3_56T3",6,3.42235078,784.8006728,1495.548218,1499.949463,0.008150399,100.8209076,1300.592896,58.2111969,30.77482986,29.89089203,706,"ok"
"2015_wet_PAR-B3_56T3",7,3.822307475,855.2875936,1695.308472,1700.20874,0.007677401,100.8224869,1301.023804,58.19326019,30.75277328,29.88283539,706,"ok"
"2015_wet_PAR-B3_56T3",8,4.17555076,998.8734488,1994.36438,1999.713745,0.007070857,100.8254776,1300.779663,58.16056442,30.71306801,29.87291908,706,"ok"
