"SampleID","Record","A","Ci","CO2s","CO2r","gsw","Patm","Qin","RHs","Tleaf","Tair","SampleID_num","QC"
"2015_wet_PAR-T4_786D1",1,-0.089001793,390.9203875,390.0586243,390.0499268,0.01333138,100.8488007,521.2090454,63.28534698,29.6739502,29.64740181,769,"ok"
"2015_wet_PAR-T4_786D1",2,-0.175561747,313.6441622,300.2388916,300.1036072,0.013330612,100.8502808,521.177002,63.15869904,29.6539917,29.65201187,769,"ok"
"2015_wet_PAR-T4_786D1",3,-0.365249684,239.8765585,200.3045654,199.9151459,0.012997435,100.8557281,522.1593018,63.04816437,29.6388607,29.64114189,769,"ok"
"2015_wet_PAR-T4_786D1",4,-0.457597967,156.354883,100.4373856,99.91148376,0.012418617,100.857338,522.4888916,62.87670898,29.63334656,29.64162445,769,"ok"
"2015_wet_PAR-T4_786D1",5,-0.563442883,115.9605876,50.48106384,49.81740189,0.013387193,100.85746,524.2217407,62.884655,29.71440506,29.66921425,769,"ok"
"2015_wet_PAR-T4_786D1",6,-0.048871992,386.2646447,390.006134,390.0420227,0.012665942,100.8555908,519.8345947,62.90935135,29.71244431,29.67160606,769,"ok"
"2015_wet_PAR-T4_786D1",7,0.058067105,372.4538067,389.7280579,389.8898621,0.012367762,100.8599014,517.7738647,62.94411087,29.70345879,29.67288589,769,"ok"
"2015_wet_PAR-T4_786D1",8,0.435657712,526.9937177,599.4538574,600.1137695,0.012025324,100.8648758,517.8591919,63.07122421,29.67030907,29.65719986,769,"ok"
